resort_slug,resort_name,state_code,state_name,country_code,country_name,is_active,is_region
49-degrees-north-us,49 Degrees North,WA,WA,US,United States,True,False
abenaki-us,Abenaki,NH,NH,US,United States,True,False
abisko-se,Abisko,Lapland,Lapland,SE,Sweden,True,False
afton-alps-us,Afton Alps,MN,MN,US,United States,True,False
al-quaal-us,Al Quaal,MI,MI,US,United States,True,False
alpental-us,Alpental,WA,WA,US,United States,True,False
alpine-meadows-us,Alpine Meadows,CA,CA,US,United States,True,False
alpine-valley-us-561,Alpine Valley,MI,MI,US,United States,True,False
alpine-valley-us-307,Alpine Valley,WI,WI,US,United States,True,False
alpine-valley-us-603,Alpine Valley,OH,OH,US,United States,True,False
alta-us,Alta,UT,UT,US,United States,True,False
alta-badia-it,Alta Badia,Trentino-Alto Adige,Trentino-Alto Adige,IT,Italy,True,False
alta-sierra-us,Alta Sierra,CA,CA,US,United States,True,False
alyeska-us,Alyeska,AK,AK,US,United States,True,False
andermattsedrundisentis-ch,Andermatt–Sedrun–Disentis,Uri / Graubünden,Uri / Graubünden,CH,Switzerland,True,False
andes-tower-hills-us,Andes Tower Hills,MN,MN,US,United States,True,False
angel-fire-us,Angel Fire,NM,NM,US,United States,True,False
anthony-lakes-us,Anthony Lakes,OR,OR,US,United States,True,False
apex-mountain-ca,Apex Mountain,BC,BC,CA,Canada,True,False
appalachian-ski-mountain-us,Appalachian Ski Mountain,NC,NC,US,United States,True,False
appi-kogen-jp,Appi Kogen,Iwate,Iwate,JP,Japan,True,False
apple-mountain-us,Apple Mountain,MI,MI,US,United States,True,False
arabba-it,Arabba,Veneto,Veneto,IT,Italy,True,False
arapahoe-basin-us,Arapahoe Basin,CO,CO,US,United States,True,False
arctic-valley-us,Arctic Valley,AK,AK,US,United States,True,False
are-se,Are,Jamtland,Jamtland,SE,Sweden,True,False
re-se,Åre,Jämtland,Jämtland,SE,Sweden,True,False
arizona-snowbowl-us,Arizona Snowbowl,AZ,AZ,US,United States,True,False
arrowhead-us,Arrowhead,NH,NH,US,United States,True,False
asessippi-ca,Asessippi,MB,MB,CA,Canada,True,False
ashwabay-us,Ashwabay,WI,WI,US,United States,True,False
aspen-mountain-us,Aspen Mountain,CO,CO,US,United States,True,False
astun-es,Astun,Pyrenees,Pyrenees,ES,Spain,True,False
astn-es,Astún,Aragon,Aragon,ES,Spain,True,False
attitash-us,Attitash,NH,NH,US,United States,True,False
auron-fr,Auron,Provence,Provence,FR,France,True,False
ausblick-us,Ausblick,WI,WI,US,United States,True,False
aussois-fr,Aussois,Auvergne-Rhône-Alpes,Auvergne-Rhône-Alpes,FR,France,True,False
bachmaro-ge,Bachmaro,Guria,Guria,GE,Georgia,True,False
badger-mountain-us,Badger Mountain,WA,WA,US,United States,True,False
badger-pass-us,Badger Pass,CA,CA,US,United States,True,False
badlands-us,Badlands,WI,WI,US,United States,True,False
baker-mountain-us,Baker Mountain,ME,ME,US,United States,True,False
bakuriani-ge,Bakuriani,Samtskhe-Javakheti,Samtskhe-Javakheti,GE,Georgia,True,False
bald-mountain-us,Bald Mountain,ID,ID,US,United States,True,False
balderschwang-de,Balderschwang,Bavaria,Bavaria,DE,Germany,True,False
banff-sunshine-village-ca,Banff Sunshine Village,AB,AB,CA,Canada,True,False
bansko-bg,Bansko,Blagoevgrad,Blagoevgrad,BG,Bulgaria,True,False
baqueira-beret-es-766,Baqueira Beret,Pyrenees,Pyrenees,ES,Spain,True,False
baqueira-beret-es-403,Baqueira-Beret,Catalonia,Catalonia,ES,Spain,True,False
bear-creek-us,Bear Creek,PA,PA,US,United States,True,False
bear-paw-us,Bear Paw,MT,MT,US,United States,True,False
bear-valley-us,Bear Valley,CA,CA,US,United States,True,False
beartown-us,Beartown,NY,NY,US,United States,True,False
beaver-creek-us,Beaver Creek,CO,CO,US,United States,True,False
beaver-mountain-us,Beaver Mountain,UT,UT,US,United States,True,False
beech-mountain-us,Beech Mountain,NC,NC,US,United States,True,False
belleayre-us,Belleayre,NY,NY,US,United States,True,False
bellows-falls-ski-tow-us,Bellows Falls Ski Tow,VT,VT,US,United States,True,False
berchtesgaden-de,Berchtesgaden,Bavaria,Bavaria,DE,Germany,True,False
berkshire-east-us,Berkshire East,MA,MA,US,United States,True,False
betania-ge,Betania,Kvemo Kartli,Kvemo Kartli,GE,Georgia,True,False
biaka-tatrzaska-pl,Białka Tatrzańska,Lesser Poland,Lesser Poland,PL,Poland,True,False
big-bear-mountain-us,Big Bear Mountain,CA,CA,US,United States,True,False
big-boulder-us,Big Boulder,PA,PA,US,United States,True,False
big-creek-us,Big Creek,OH,OH,US,United States,True,False
big-horn-us,Big Horn,WY,WY,US,United States,True,False
big-powderhorn-us,Big Powderhorn,MI,MI,US,United States,True,False
big-rock-us,Big Rock,ME,ME,US,United States,True,False
big-sky-resort-us,Big Sky Resort,MT,MT,US,United States,True,False
big-snow-american-dream-us,Big Snow American Dream,NJ,NJ,US,United States,True,False
big-squaw-us,Big Squaw,ME,ME,US,United States,True,False
big-tupper-us,Big Tupper,NY,NY,US,United States,True,False
big-white-ca,Big White,BC,BC,CA,Canada,True,False
bittersweet-us,Bittersweet,MI,MI,US,United States,True,False
bjorkliden-se,Bjorkliden,LapLand,LapLand,SE,Sweden,True,False
black-mountain-us-92,Black Mountain,ME,ME,US,United States,True,False
black-mountain-us-476,Black Mountain,NH,NH,US,United States,True,False
blackhawk-us,Blackhawk,WI,WI,US,United States,True,False
blackjack-us,Blackjack,MI,MI,US,United States,True,False
blacktail-mountain-us,Blacktail Mountain,MT,MT,US,United States,True,False
blfjll-is,Bláfjöll,Iceland,Iceland,IS,Iceland,True,False
blue-hills-us,Blue Hills,MA,MA,US,United States,True,False
blue-knob-us,Blue Knob,PA,PA,US,United States,True,False
blue-mountain-us,Blue Mountain,PA,PA,US,United States,True,False
blue-mountain-ca,Blue Mountain,ON,ON,CA,Canada,True,False
bluewood-us-703,Bluewood,WA,WA,US,United States,True,False
bluewood-us-302,Bluewood,WA,WA,US,United States,True,False
boge-xk,Boge,Kosovo,Kosovo,XK,Kosovo,True,False
bogus-basin-us,Bogus Basin,ID,ID,US,United States,True,False
bo-tall-es,Boí Taüll,Pyrenees,Pyrenees,ES,Spain,True,False
bolton-valley-us,Bolton Valley,VT,VT,US,United States,True,False
bonneval-sur-arc-fr,Bonneval-sur-Arc,Auvergne-Rhône-Alpes,Auvergne-Rhône-Alpes,FR,France,True,False
book-across-the-bay-us,Book Across the Bay,WI,WI,US,United States,True,False
boreal-us,Boreal,CA,CA,US,United States,True,False
borovets-bg,Borovets,Sofia,Sofia,BG,Bulgaria,True,False
boston-mills-us,Boston Mills,OH,OH,US,United States,True,False
bottineau-us,Bottineau,ND,ND,US,United States,True,False
bousquet-us,Bousquet,MA,MA,US,United States,True,False
boyce-park-us,Boyce Park,PA,PA,US,United States,True,False
boyne-highlands-us,Boyne Highlands,MI,MI,US,United States,True,False
boyne-mountain-us,Boyne Mountain,MI,MI,US,United States,True,False
brandywine-us,Brandywine,OH,OH,US,United States,True,False
brantling-us,Brantling,NY,NY,US,United States,True,False
brauneck-de,Brauneck,Bavaria,Bavaria,DE,Germany,True,False
breckenridge-us,Breckenridge,CO,CO,US,United States,True,False
bretton-woods-us,Bretton Woods,NH,NH,US,United States,True,False
brezovica-xk,Brezovica,Kosovo,Kosovo,XK,Kosovo,True,False
brian-head-us,Brian Head,UT,UT,US,United States,True,False
bridger-bowl-us,Bridger Bowl,MT,MT,US,United States,True,False
brighton-us,Brighton,UT,UT,US,United States,True,False
bristol-mountain-us,Bristol Mountain,NY,NY,US,United States,True,False
bromley-us,Bromley,VT,VT,US,United States,True,False
bromont-ca,Bromont,QC,QC,CA,Canada,True,False
bruce-mound-us,Bruce Mound,WI,WI,US,United States,True,False
brundage-us,Brundage,ID,ID,US,United States,True,False
bryce-resort-us,Bryce Resort,VA,VA,US,United States,True,False
buck-hill-us,Buck Hill,MN,MN,US,United States,True,False
buckhorn-ski-club-us,Buckhorn Ski Club,CA,CA,US,United States,True,False
buena-vista-us,Buena Vista,MN,MN,US,United States,True,False
buffalo-ski-club-us,Buffalo Ski Club,NY,NY,US,United States,True,False
burke-mountain-us,Burke Mountain,VT,VT,US,United States,True,False
caberfae-peaks-us,Caberfae Peaks,MI,MI,US,United States,True,False
camden-snow-bowl-us,Camden Snow Bowl,ME,ME,US,United States,True,False
camelback-us,Camelback,PA,PA,US,United States,True,False
camp-10-us,Camp 10,WI,WI,US,United States,True,False
campgaw-mountain-us,Campgaw Mountain,NJ,NJ,US,United States,True,False
campton-mountain-us,Campton Mountain,NH,NH,US,United States,True,False
canaan-valley-us,Canaan Valley,WV,WV,US,United States,True,False
canazei-it,Canazei,Trentino-Alto Adige,Trentino-Alto Adige,IT,Italy,True,False
candanchu-es,Candanchu,Pyrenees,Pyrenees,ES,Spain,True,False
candanch-es,Candanchú,Aragon,Aragon,ES,Spain,True,False
cannon-mountain-us,Cannon Mountain,NH,NH,US,United States,True,False
cannonsburg-us,Cannonsburg,MI,MI,US,United States,True,False
cascade-mountain-us,Cascade Mountain,WI,WI,US,United States,True,False
castle-mountain-ca,Castle Mountain,AB,AB,CA,Canada,True,False
cataloochee-us,Cataloochee,NC,NC,US,United States,True,False
catamount-us,Catamount,NY,NY,US,United States,True,False
cerler-es,Cerler,Pyrenees,Pyrenees,ES,Spain,True,False
cerro-catedral-ar,Cerro Catedral,Rio Negro,Rio Negro,AR,Argentina,True,False
cervinia-it,Cervinia,Aosta Valley,Aosta Valley,IT,Italy,True,False
challenge-mountain-us,Challenge Mountain,MI,MI,US,United States,True,False
chamonix-fr,Chamonix,Auvergne-Rhône-Alpes,Auvergne-Rhône-Alpes,FR,France,True,False
chapelco-ar,Chapelco,Neuquen,Neuquen,AR,Argentina,True,False
chapman-hill-ski-area-us,Chapman Hill Ski Area,CO,CO,US,United States,True,False
cherry-peak-us,Cherry Peak,UT,UT,US,United States,True,False
chester-bowl-us,Chester Bowl,MN,MN,US,United States,True,False
chestnut-mountain-us,Chestnut Mountain,IL,IL,US,United States,True,False
china-peak-us,China Peak,CA,CA,US,United States,True,False
christie-mountain-us,Christie Mountain,WI,WI,US,United States,True,False
christmas-mountain-us,Christmas Mountain,WI,WI,US,United States,True,False
cloudmont-ski-golf-resort-us,Cloudmont Ski & Golf Resort,AL,AL,US,United States,True,False
cochrans-ski-area-us,Cochran's Ski Area,VT,VT,US,United States,True,False
coffee-mill-us,Coffee Mill,MN,MN,US,United States,True,False
cooper-spur-us,Cooper Spur,OR,OR,US,United States,True,False
copper-mountain-us,Copper Mountain,CO,CO,US,United States,True,False
coronet-peak-nz,Coronet Peak,Otago,Otago,NZ,New Zealand,True,False
corralco-cl,Corralco,Araucanía,Araucanía,CL,Chile,True,False
cortina-dampezzo-it,Cortina d'Ampezzo,Veneto,Veneto,IT,Italy,True,False
cottonwood-butte-us,Cottonwood Butte,ID,ID,US,United States,True,False
courchevel-fr,Courchevel,Auvergne-Rhône-Alpes,Auvergne-Rhône-Alpes,FR,France,True,False
courmayeur-it,Courmayeur,Aosta Valley,Aosta Valley,IT,Italy,True,False
cranmore-us,Cranmore,NH,NH,US,United States,True,False
cranor-ski-area-us,Cranor Ski Area,CO,CO,US,United States,True,False
crans-montana-ch,Crans-Montana,Valais,Valais,CH,Switzerland,True,False
crested-butte-us,Crested Butte,CO,CO,US,United States,True,False
crotched-mountain-us,Crotched Mountain,NH,NH,US,United States,True,False
crystal-mountain-us-226,Crystal Mountain,MI,MI,US,United States,True,False
crystal-mountain-us-60,Crystal Mountain,WA,WA,US,United States,True,False
crystal-mountain-us-309,Crystal Mountain,WI,WI,US,United States,True,False
crystal-ridge-us,Crystal Ridge,WI,WI,US,United States,True,False
cypress-mountain-ca,Cypress Mountain,BC,BC,CA,Canada,True,False
dalvk-is,Dalvík,Iceland,Iceland,IS,Iceland,True,False
dartmouth-skiway-us,Dartmouth Skiway,NH,NH,US,United States,True,False
davosklosters-ch,Davos–Klosters,Graubünden,Graubünden,CH,Switzerland,True,False
deer-mountain-us,Deer Mountain,SD,SD,US,United States,True,False
deer-valley-us,Deer Valley,UT,UT,US,United States,True,False
denton-us,Denton,PA,PA,US,United States,True,False
detroit-mountain-us,Detroit Mountain,MN,MN,US,United States,True,False
devils-head-us,Devil's Head,WI,WI,US,United States,True,False
diamond-peak-us-687,Diamond Peak,NV,NV,US,United States,True,False
diamond-peak-us-49,Diamond Peak,CA,CA,US,United States,True,False
discovery-ski-area-us,Discovery Ski Area,MT,MT,US,United States,True,False
dodge-ridge-us,Dodge Ridge,CA,CA,US,United States,True,False
dolomiti-superski-it,Dolomiti Superski,Trentino-Alto Adige,Trentino-Alto Adige,IT,Italy,True,False
donner-ski-ranch-us,Donner Ski Ranch,CA,CA,US,United States,True,False
dry-hill-us,Dry Hill,NY,NY,US,United States,True,False
eagle-point-us,Eagle Point,UT,UT,US,United States,True,False
eagle-rock-us,Eagle Rock,PA,PA,US,United States,True,False
eaglecrest-us,Eaglecrest,AK,AK,US,United States,True,False
easton-us,Easton,MA,MA,US,United States,True,False
eaton-mountain-us,Eaton Mountain,ME,ME,US,United States,True,False
echo-mountain-us,Echo Mountain,CO,CO,US,United States,True,False
echo-valley-us,Echo Valley,WA,WA,US,United States,True,False
ejder-3200-tr,Ejder 3200,Anatolia,Anatolia,TR,Turkey,True,False
el-colorado-cl,El Colorado,Santiago Metropolitan Region,Santiago Metropolitan Region,CL,Chile,True,False
eldora-us,Eldora,CO,CO,US,United States,True,False
elk-mountain-us,Elk Mountain,PA,PA,US,United States,True,False
elk-ridge-ski-area-us,Elk Ridge Ski Area,AZ,AZ,US,United States,True,False
elko-snobowl-us,Elko Snobowl,NV,NV,US,United States,True,False
engelberg-ch,Engelberg,Obwalden,Obwalden,CH,Switzerland,True,False
erciyes-tr,Erciyes,Anatolia,Anatolia,TR,Turkey,True,False
falls-creek-au,Falls Creek,Victoria,Victoria,AU,Australia,True,False
fellhorn-de,Fellhorn,Bavaria,Bavaria,DE,Germany,True,False
ferguson-ridge-us,Ferguson Ridge,OR,OR,US,United States,True,False
fernie-alpine-resort-ca,Fernie Alpine Resort,BC,BC,CA,Canada,True,False
formigal-es,Formigal,Pyrenees,Pyrenees,ES,Spain,True,False
formigalpanticosa-es,Formigal–Panticosa,Aragon,Aragon,ES,Spain,True,False
fox-hill-ski-area-us,Fox Hill Ski Area,WI,WI,US,United States,True,False
frost-fire-us,Frost Fire,ND,ND,US,United States,True,False
furano-jp,Furano,Hokkaido,Hokkaido,JP,Japan,True,False
gala-yuzawa-jp,GALA Yuzawa,Niigata,Niigata,JP,Japan,True,False
garland-resort-us,Garland Resort,MI,MI,US,United States,True,False
garmisch-classic-de,Garmisch-Classic,Bavaria,Bavaria,DE,Germany,True,False
garmisch-partenkirchen-de,Garmisch-Partenkirchen,Bavaria,Bavaria,DE,Germany,True,False
geilo-no,Geilo,Norway,Norway,NO,Norway,True,False
geto-kogen-jp,Geto Kogen,Iwate,Iwate,JP,Japan,True,False
giants-ridge-us,Giants Ridge,MN,MN,US,United States,True,False
glen-eden-ca,Glen Eden,ON,ON,CA,Canada,True,False
gore-mountain-us,Gore Mountain,NY,NY,US,United States,True,False
grand-targhee-us,Grand Targhee,WY,WY,US,United States,True,False
granite-gorge-us,Granite Gorge,NH,NH,US,United States,True,False
granite-peak-us,Granite Peak,WI,WI,US,United States,True,False
granlibakken-us,Granlibakken,CA,CA,US,United States,True,False
great-bear-us,Great Bear,SD,SD,US,United States,True,False
great-divide-us,Great Divide,MT,MT,US,United States,True,False
greek-peak-us,Greek Peak,NY,NY,US,United States,True,False
gstaad-ch,Gstaad,Bern,Bern,CH,Switzerland,True,False
gudauri-ge,Gudauri,Mtskheta-Mtianeti,Mtskheta-Mtianeti,GE,Georgia,True,False
gunstock-us,Gunstock,NH,NH,US,United States,True,False
hafjell-no,Hafjell,Norway,Norway,NO,Norway,True,False
hakuba-jp,Hakuba,Nagano,Nagano,JP,Japan,True,False
hard-ack-us,Hard 'Ack,VT,VT,US,United States,True,False
harrington-hill-us,Harrington Hill,VT,VT,US,United States,True,False
hatley-pointe-us,Hatley Pointe,NC,NC,US,United States,True,False
hatsvali-mestia-ge,Hatsvali – Mestia,Samegrelo-Zemo Svaneti,Samegrelo-Zemo Svaneti,GE,Georgia,True,False
haystack-us,Haystack,VT,VT,US,United States,True,False
heavenly-us,Heavenly,CA,CA,US,United States,True,False
heiliger-huegel-us,Heiliger Huegel,WI,WI,US,United States,True,False
hemsedal-no-759,Hemsedal,Norway,Norway,NO,Norway,True,False
hemsedal-no-424,Hemsedal,Viken,Viken,NO,Norway,True,False
hermon-mountain-us,Hermon Mountain,ME,ME,US,United States,True,False
hesperus-ski-area-us,Hesperus Ski Area,CO,CO,US,United States,True,False
hickory-us,Hickory,NY,NY,US,United States,True,False
hickory-hills-us,Hickory Hills,MI,MI,US,United States,True,False
hidden-valley-us-238,Hidden Valley,MO,MO,US,United States,True,False
hidden-valley-us-280,Hidden Valley,PA,PA,US,United States,True,False
hidden-valley-us-507,Hidden Valley,NJ,NJ,US,United States,True,False
hilltop-us,Hilltop,AK,AK,US,United States,True,False
hloarfjall-is,Hlíoarfjall,Iceland,Iceland,IS,Iceland,True,False
hoedown-hill-us,Hoedown Hill,CO,CO,US,United States,True,False
hogadon-us,Hogadon,WY,WY,US,United States,True,False
holiday-mountain-us,Holiday Mountain,NY,NY,US,United States,True,False
holiday-mountain-ca,Holiday Mountain,MB,MB,CA,Canada,True,False
holiday-valley-us,Holiday Valley,NY,NY,US,United States,True,False
holimont-us,Holimont,NY,NY,US,United States,True,False
homewood-us,Homewood,CA,CA,US,United States,True,False
hoodoo-us,Hoodoo,OR,OR,US,United States,True,False
hrnerbahn-de,Hörnerbahn,Bavaria,Bavaria,DE,Germany,True,False
horseshoe-ca,Horseshoe,ON,ON,CA,Canada,True,False
howelsen-hill-us,Howelsen Hill,CO,CO,US,United States,True,False
huff-hills-us,Huff Hills,ND,ND,US,United States,True,False
hunter-mountain-us,Hunter Mountain,NY,NY,US,United States,True,False
hurricane-ridge-us,Hurricane Ridge,WA,WA,US,United States,True,False
hyland-us,Hyland,MN,MN,US,United States,True,False
indianhead-us,Indianhead,MI,MI,US,United States,True,False
ischgl-at,Ischgl,Tyrol,Tyrol,AT,Austria,True,False
isola-2000-fr,Isola 2000,Provence-Alpes-Côte d'Azur,Provence-Alpes-Côte d'Azur,FR,France,True,False
jack-frost-us,Jack Frost,PA,PA,US,United States,True,False
jackson-hole-us,Jackson Hole,WY,WY,US,United States,True,False
jasna-sk,Jasna,Zilina,Zilina,SK,Slovakia,True,False
jay-peak-us,Jay Peak,VT,VT,US,United States,True,False
jiminy-peak-us,Jiminy Peak,MA,MA,US,United States,True,False
june-mountain-us,June Mountain,CA,CA,US,United States,True,False
kagura-jp,Kagura,Niigata,Niigata,JP,Japan,True,False
kanc-us,Kanc,NH,NH,US,United States,True,False
kanzelwand-de,Kanzelwand,Bavaria,Bavaria,DE,Germany,True,False
kasprowy-wierch-pl,Kasprowy Wierch,Lesser Poland,Lesser Poland,PL,Poland,True,False
kelly-canyon-us,Kelly Canyon,ID,ID,US,United States,True,False
kendall-mountain-ski-area-us,Kendall Mountain Ski Area,CO,CO,US,United States,True,False
kettlebowl-us,Kettlebowl,WI,WI,US,United States,True,False
kewaunee-county-us,Kewaunee County,WI,WI,US,United States,True,False
keyes-peak-us,Keyes Peak,WI,WI,US,United States,True,False
keystone-us,Keystone,CO,CO,US,United States,True,False
kicking-horse-mountain-ca,Kicking Horse Mountain,BC,BC,CA,Canada,True,False
killington-pico-us,Killington-Pico,VT,VT,US,United States,True,False
kimberley-ca,Kimberley,BC,BC,CA,Canada,True,False
king-pine-us,King Pine,NH,NH,US,United States,True,False
kirkwood-us,Kirkwood,CA,CA,US,United States,True,False
kiroro-jp,Kiroro,Hokkaido,Hokkaido,JP,Japan,True,False
kissing-bridge-us,Kissing Bridge,NY,NY,US,United States,True,False
kitzbhel-at,Kitzbühel,Tyrol,Tyrol,AT,Austria,True,False
klnovec-cz,Klínovec,Karlovy Vary,Karlovy Vary,CZ,Czech Republic,True,False
kranjska-gora-si,Kranjska Gora,Carniola,Carniola,SI,Slovenia,True,False
kronplatz-it,Kronplatz,Trentino-Alto Adige,Trentino-Alto Adige,IT,Italy,True,False
kulusuk-gl,Kulusuk,Eastern Greenland,Eastern Greenland,GL,Greenland,True,False
kvitfjell-no,Kvitfjell,Norway,Norway,NO,Norway,True,False
la-clusaz-fr,La Clusaz,Auvergne-Rhône-Alpes,Auvergne-Rhône-Alpes,FR,France,True,False
la-molina-es,La Molina,Pyrenees,Pyrenees,ES,Spain,True,False
la-norma-fr,La Norma,Auvergne-Rhône-Alpes,Auvergne-Rhône-Alpes,FR,France,True,False
la-parva-cl,La Parva,Santiago Metropolitan Region,Santiago Metropolitan Region,CL,Chile,True,False
la-plagne-fr,La Plagne,Auvergne-Rhône-Alpes,Auvergne-Rhône-Alpes,FR,France,True,False
la-thuile-it,La Thuile,Aosta Valley,Aosta Valley,IT,Italy,True,False
labrador-mountain-us,Labrador Mountain,NY,NY,US,United States,True,False
lake-city-ski-hill-us,Lake City Ski Hill,CO,CO,US,United States,True,False
lake-louise-ca,Lake Louise,AB,AB,CA,Canada,True,False
las-lenas-ar,Las Lenas,Mendoza,Mendoza,AR,Argentina,True,False
laurel-mountain-us,Laurel Mountain,PA,PA,US,United States,True,False
le-grand-bornand-fr,Le Grand-Bornand,Auvergne-Rhône-Alpes,Auvergne-Rhône-Alpes,FR,France,True,False
le-massif-ca,Le Massif,QC,QC,CA,Canada,True,False
le-sauze-super-sauze-fr,Le Sauze / Super Sauze,Provence-Alpes-Côte d'Azur,Provence-Alpes-Côte d'Azur,FR,France,True,False
leavenworth-us,Leavenworth,WA,WA,US,United States,True,False
lee-canyon-us,Lee Canyon,NV,NV,US,United States,True,False
les-arcs-fr,Les Arcs,Auvergne-Rhône-Alpes,Auvergne-Rhône-Alpes,FR,France,True,False
les-carroz-fr,Les Carroz,Auvergne-Rhône-Alpes,Auvergne-Rhône-Alpes,FR,France,True,False
les-deux-alpes-fr,Les Deux Alpes,Auvergne-Rhône-Alpes,Auvergne-Rhône-Alpes,FR,France,True,False
les-orres-fr,Les Orres,Provence,Provence,FR,France,True,False
liberty-mountain-us,Liberty Mountain,PA,PA,US,United States,True,False
little-ski-hill-us,Little Ski Hill,ID,ID,US,United States,True,False
little-switzerland-us,Little Switzerland,WI,WI,US,United States,True,False
living-memorial-park-us,Living Memorial Park,VT,VT,US,United States,True,False
lonesome-pine-trails-us,Lonesome Pine Trails,ME,ME,US,United States,True,False
lookout-pass-us-108,Lookout Pass,ID,ID,US,United States,True,False
lookout-pass-us-243,Lookout Pass,MT,MT,US,United States,True,False
loon-mountain-us,Loon Mountain,NH,NH,US,United States,True,False
lost-trail-us,Lost Trail,MT,MT,US,United States,True,False
lost-trail-powder-mountain-us,Lost Trail Powder Mountain,ID,ID,US,United States,True,False
lost-valley-us,Lost Valley,ME,ME,US,United States,True,False
loup-loup-us,Loup Loup,WA,WA,US,United States,True,False
loveland-us,Loveland,CO,CO,US,United States,True,False
lutsen-mountains-us,Lutsen Mountains,MN,MN,US,United States,True,False
lyndon-outing-club-us,Lyndon Outing Club,VT,VT,US,United States,True,False
mad-river-us,Mad River,OH,OH,US,United States,True,False
mad-river-glen-us,Mad River Glen,VT,VT,US,United States,True,False
madarao-jp,Madarao,Nagano,Nagano,JP,Japan,True,False
madonna-di-campiglio-it,Madonna di Campiglio,Trentino,Trentino,IT,Italy,True,False
magic-mountain-us-298,Magic Mountain,VT,VT,US,United States,True,False
magic-mountain-us-211,Magic Mountain,ID,ID,US,United States,True,False
majestic-heli-ski-us,Majestic Heli Ski,AK,AK,US,United States,True,False
mammoth-mountain-us,Mammoth Mountain,CA,CA,US,United States,True,False
manning-park-ca,Manning Park,BC,BC,CA,Canada,True,False
marble-mountain-ca,Marble Mountain,NL,NL,CA,Canada,True,False
mariborsko-pohorje-si,Mariborsko Pohorje,Styria,Styria,SI,Slovenia,True,False
marmot-basin-ca,Marmot Basin,AB,AB,CA,Canada,True,False
marquette-mountain-us,Marquette Mountain,MI,MI,US,United States,True,False
masella-es,Masella,Pyrenees,Pyrenees,ES,Spain,True,False
massanutten-us,Massanutten,VA,VA,US,United States,True,False
maverick-mountain-us,Maverick Mountain,MT,MT,US,United States,True,False
mayrhofen-at,Mayrhofen,Tyrol,Tyrol,AT,Austria,True,False
mccauley-mountain-us,McCauley Mountain,NY,NY,US,United States,True,False
mcintyre-us,McIntyre,NH,NH,US,United States,True,False
meadowlark-us,Meadowlark,WY,WY,US,United States,True,False
meany-lodge-us,Meany Lodge,WA,WA,US,United States,True,False
megve-fr,Megève,Auvergne-Rhône-Alpes,Auvergne-Rhône-Alpes,FR,France,True,False
mribel-fr,Méribel,Auvergne-Rhône-Alpes,Auvergne-Rhône-Alpes,FR,France,True,False
middlebury-college-snow-bowl-us,Middlebury College Snow Bowl,VT,VT,US,United States,True,False
mission-ridge-us,Mission Ridge,WA,WA,US,United States,True,False
mittenwald-de,Mittenwald,Bavaria,Bavaria,DE,Germany,True,False
mohawk-mountain-us,Mohawk Mountain,CT,CT,US,United States,True,False
monarch-us,Monarch,CO,CO,US,United States,True,False
mont-du-lac-us,Mont Du Lac,WI,WI,US,United States,True,False
mont-orford-ca,Mont Orford,QC,QC,CA,Canada,True,False
mont-ripley-us,Mont Ripley,MI,MI,US,United States,True,False
mont-tremblant-ca,Mont Tremblant,QC,QC,CA,Canada,True,False
mont-sainte-anne-ca,Mont-Sainte-Anne,QC,QC,CA,Canada,True,False
montage-mountain-us,Montage Mountain,PA,PA,US,United States,True,False
montana-snowbowl-us,Montana Snowbowl,MT,MT,US,United States,True,False
monterosa-ski-it,Monterosa Ski,Aosta Valley,Aosta Valley,IT,Italy,True,False
montgenvre-fr,Montgenèvre,Provence-Alpes-Côte d'Azur,Provence-Alpes-Côte d'Azur,FR,France,True,False
moonlight-basin-us,Moonlight Basin,MT,MT,US,United States,True,False
moose-mountain-us,Moose Mountain,AK,AK,US,United States,True,False
mount-baker-us,Mount Baker,WA,WA,US,United States,True,False
mount-eustis-us,Mount Eustis,NH,NH,US,United States,True,False
mount-eyak-us,Mount Eyak,AK,AK,US,United States,True,False
mount-greylock-us,Mount Greylock,MA,MA,US,United States,True,False
mount-hotham-au,Mount Hotham,Victoria,Victoria,AU,Australia,True,False
mount-hutt-nz,Mount Hutt,Canterbury,Canterbury,NZ,New Zealand,True,False
mount-itasca-us,Mount Itasca,MN,MN,US,United States,True,False
mount-jefferson-us,Mount Jefferson,ME,ME,US,United States,True,False
mount-kato-us,Mount Kato,MN,MN,US,United States,True,False
mount-norquay-ca,Mount Norquay,AB,AB,CA,Canada,True,False
mount-peter-us,Mount Peter,NY,NY,US,United States,True,False
mount-prospect-us,Mount Prospect,NH,NH,US,United States,True,False
mount-rose-us,Mount Rose,NV,NV,US,United States,True,False
mount-shasta-ski-park-us,Mount Shasta Ski Park,CA,CA,US,United States,True,False
mount-sima-ca,Mount Sima,YT,YT,CA,Canada,True,False
mount-snow-us,Mount Snow,VT,VT,US,United States,True,False
mount-southington-us,Mount Southington,CT,CT,US,United States,True,False
mount-st-louis-moonstone-ca,Mount St. Louis Moonstone,ON,ON,CA,Canada,True,False
mount-sunapee-us,Mount Sunapee,NH,NH,US,United States,True,False
mount-waterman-us,Mount Waterman,CA,CA,US,United States,True,False
mountain-creek-us,Mountain Creek,NJ,NJ,US,United States,True,False
mountain-high-us,Mountain High,CA,CA,US,United States,True,False
mountain-view-us,Mountain View,PA,PA,US,United States,True,False
mt-aggie-us,Mt Aggie,TX,TX,US,United States,True,False
mt-abram-us-460,Mt. Abram,ME,ME,US,United States,True,False
mt-abram-us-224,Mt. Abram,ME,ME,US,United States,True,False
mt-ashland-us,Mt. Ashland,OR,OR,US,United States,True,False
mt-bachelor-us,Mt. Bachelor,OR,OR,US,United States,True,False
mt-baldy-us,Mt. Baldy,CA,CA,US,United States,True,False
mt-bohemia-us,Mt. Bohemia,MI,MI,US,United States,True,False
mt-brighton-us,Mt. Brighton,MI,MI,US,United States,True,False
mt-crescent-us-558,Mt. Crescent,IA,IA,US,United States,True,False
mt-crescent-us-253,Mt. Crescent,NE,NE,US,United States,True,False
mt-holiday-us,Mt. Holiday,MI,MI,US,United States,True,False
mt-holly-us,Mt. Holly,MI,MI,US,United States,True,False
mt-hood-meadows-us,Mt. Hood Meadows,OR,OR,US,United States,True,False
mt-la-crosse-us,Mt. La Crosse,WI,WI,US,United States,True,False
mt-lemmon-us,Mt. Lemmon,AZ,AZ,US,United States,True,False
mt-mcsauba-us,Mt. McSauba,MI,MI,US,United States,True,False
mt-rose-us,Mt. Rose,CA,CA,US,United States,True,False
mt-spokane-us,Mt. Spokane,WA,WA,US,United States,True,False
mt-zion-us,Mt. Zion,MI,MI,US,United States,True,False
mulligans-hollow-us,Mulligan's Hollow,MI,MI,US,United States,True,False
myoko-kogen-jp,Myoko Kogen,Nagano,Nagano,JP,Japan,True,False
myoko-suginohara-jp,Myoko Suginohara,Niigata,Niigata,JP,Japan,True,False
naeba-jp,Naeba,Niigata,Niigata,JP,Japan,True,False
nakiska-ca,Nakiska,AB,AB,CA,Canada,True,False
narvikfjellet-no,Narvikfjellet,Norway,Norway,NO,Norway,True,False
nashoba-valley-us,Nashoba Valley,MA,MA,US,United States,True,False
navarino-slopes-us,Navarino Slopes,WI,WI,US,United States,True,False
nebelhorn-de,Nebelhorn,Bavaria,Bavaria,DE,Germany,True,False
nevados-de-chilln-cl,Nevados de Chillán,Ñuble,Ñuble,CL,Chile,True,False
niseko-jp,Niseko,Hokkaido,Hokkaido,JP,Japan,True,False
nordic-mountain-us,Nordic Mountain,WI,WI,US,United States,True,False
nordic-valley-us,Nordic Valley,UT,UT,US,United States,True,False
northstar-us,Northstar,CA,CA,US,United States,True,False
norway-mountain-us,Norway Mountain,MI,MI,US,United States,True,False
nozawa-onsen-jp,Nozawa Onsen,Nagano,Nagano,JP,Japan,True,False
nubs-nob-us,Nubs Nob,MI,MI,US,United States,True,False
nutt-hill-us,Nutt Hill,WI,WI,US,United States,True,False
nuuk-gl,Nuuk,Western Greenland,Western Greenland,GL,Greenland,True,False
ober-mountain-us,Ober Mountain,TN,TN,US,United States,True,False
oberstdorf-de,Oberstdorf,Bavaria,Bavaria,DE,Germany,True,False
oglebay-resort-us,Oglebay Resort,WV,WV,US,United States,True,False
okemo-us,Okemo,VT,VT,US,United States,True,False
oppdal-no,Oppdal,Norway,Norway,NO,Norway,True,False
otis-ridge-us,Otis Ridge,MA,MA,US,United States,True,False
otsego-us,Otsego,MI,MI,US,United States,True,False
oz-en-oisans-fr,Oz-en-Oisans,Auvergne-Rhône-Alpes,Auvergne-Rhône-Alpes,FR,France,True,False
pajarito-us,Pajarito,NM,NM,US,United States,True,False
palisades-tahoe-us,Palisades Tahoe,CA,CA,US,United States,True,False
pamporovo-bg,Pamporovo,Smolyan,Smolyan,BG,Bulgaria,True,False
panorama-ca,Panorama,BC,BC,CA,Canada,True,False
panticosa-es,Panticosa,Pyrenees,Pyrenees,ES,Spain,True,False
paoli-peaks-us,Paoli Peaks,IN,IN,US,United States,True,False
park-city-us,Park City,UT,UT,US,United States,True,False
pats-peak-us,Pats Peak,NH,NH,US,United States,True,False
pebble-creek-us,Pebble Creek,ID,ID,US,United States,True,False
pec-pod-snezkou-cz,Pec pod Snezkou,Hradec Kralove,Hradec Kralove,CZ,Czech Republic,True,False
peekn-peak-us,Peek'n Peak,NY,NY,US,United States,True,False
pejo-it,Pejo,Trentino,Trentino,IT,Italy,True,False
perfect-north-slopes-us,Perfect North Slopes,IN,IN,US,United States,True,False
perisher-au,Perisher,New South Wales,New South Wales,AU,Australia,True,False
petoskey-winter-sports-park-us,Petoskey Winter Sports Park,MI,MI,US,United States,True,False
pine-creek-us,Pine Creek,WY,WY,US,United States,True,False
pine-knob-us,Pine Knob,MI,MI,US,United States,True,False
pine-mountain-resort-us,Pine Mountain Resort,MI,MI,US,United States,True,False
pinnacle-ski-club-us,Pinnacle Ski Club,ME,ME,US,United States,True,False
pinzolo-it,Pinzolo,Trentino,Trentino,IT,Italy,True,False
plattekill-us,Plattekill,NY,NY,US,United States,True,False
pleasant-mountain-us,Pleasant Mountain,ME,ME,US,United States,True,False
plymouth-notch-us,Plymouth Notch,VT,VT,US,United States,True,False
poiana-brasov-ro,Poiana Brasov,BraSOV,BraSOV,RO,Romania,True,False
pomerelle-us,Pomerelle,ID,ID,US,United States,True,False
pontedilegnotonale-it,Pontedilegno–Tonale,Lombardy / Trentino,Lombardy / Trentino,IT,Italy,True,False
porcupine-mountains-us,Porcupine Mountains,MI,MI,US,United States,True,False
port-ain-es,Port Ainé,Pyrenees,Pyrenees,ES,Spain,True,False
portillo-cl,Portillo,Valparaíso,Valparaíso,CL,Chile,True,False
powder-mountain-us,Powder Mountain,UT,UT,US,United States,True,False
powder-ridge-us-598,Powder Ridge,MN,MN,US,United States,True,False
powder-ridge-us-450,Powder Ridge,CT,CT,US,United States,True,False
powderhorn-us,Powderhorn,CO,CO,US,United States,True,False
powderhouse-hill-us,Powderhouse Hill,ME,ME,US,United States,True,False
powers-bluff-us,Powers Bluff,WI,WI,US,United States,True,False
pra-loup-fr,Pra Loup,Provence-Alpes-Côte d'Azur,Provence-Alpes-Côte d'Azur,FR,France,True,False
purgatory-us,Purgatory,CO,CO,US,United States,True,False
quechee-lakes-us,Quechee Lakes,VT,VT,US,United States,True,False
quoggy-jo-us,Quoggy Jo,ME,ME,US,United States,True,False
ragged-mountain-us,Ragged Mountain,NH,NH,US,United States,True,False
raging-buffalo-us,Raging Buffalo,IL,IL,US,United States,True,False
red-lodge-mountain-us,Red Lodge Mountain,MT,MT,US,United States,True,False
red-mountain-ca,Red Mountain,BC,BC,CA,Canada,True,False
red-river-us,Red River,NM,NM,US,United States,True,False
reit-im-winkl-de,Reit im Winkl,Bavaria,Bavaria,DE,Germany,True,False
revelstoke-ca,Revelstoke,BC,BC,CA,Canada,True,False
riksgransen-se,Riksgransen,LapLand,LapLand,SE,Sweden,True,False
risoul-fr,Risoul,Provence-Alpes-Côte d'Azur,Provence-Alpes-Côte d'Azur,FR,France,True,False
rotarun-us,Rotarun,ID,ID,US,United States,True,False
roundtop-us,Roundtop,PA,PA,US,United States,True,False
royal-mountain-us,Royal Mountain,NY,NY,US,United States,True,False
rugova-xk,Rugova,Kosovo,Kosovo,XK,Kosovo,True,False
rusutsu-jp,Rusutsu,Hokkaido,Hokkaido,JP,Japan,True,False
saalbach-hinterglemm-at,Saalbach-Hinterglemm,Salzburg,Salzburg,AT,Austria,True,False
saddleback-us,Saddleback,ME,ME,US,United States,True,False
sahalie-ski-club-us,Sahalie Ski Club,WA,WA,US,United States,True,False
sahoro-jp,Sahoro,Hokkaido,Hokkaido,JP,Japan,True,False
slen-se,Sälen,Dalarna,Dalarna,SE,Sweden,True,False
samons-fr,Samoëns,Auvergne-Rhône-Alpes,Auvergne-Rhône-Alpes,FR,France,True,False
san-martino-di-castrozza-it,San Martino di Castrozza,Trentino,Trentino,IT,Italy,True,False
sandia-peak-us,Sandia Peak,NM,NM,US,United States,True,False
sapphire-us,Sapphire,NC,NC,US,United States,True,False
sarkams-tr,Sarıkamıs,Anatolia,Anatolia,TR,Turkey,True,False
sasquatch-mountain-ca,Sasquatch Mountain,BC,BC,CA,Canada,True,False
sawmill-us,Sawmill,PA,PA,US,United States,True,False
schweitzer-us,Schweitzer,ID,ID,US,United States,True,False
selva-di-val-gardena-it,Selva di Val Gardena,Trentino-Alto Adige,Trentino-Alto Adige,IT,Italy,True,False
serre-chevalier-fr,Serre Chevalier,Provence-Alpes-Côte d'Azur,Provence-Alpes-Côte d'Azur,FR,France,True,False
seven-oaks-us,Seven Oaks,IA,IA,US,United States,True,False
seven-springs-us,Seven Springs,PA,PA,US,United States,True,False
shanty-creek-us,Shanty Creek,MI,MI,US,United States,True,False
shawnee-mountain-us,Shawnee Mountain,PA,PA,US,United States,True,False
shawnee-peak-us,Shawnee Peak,ME,ME,US,United States,True,False
shiga-kogen-jp,Shiga Kogen,Nagano,Nagano,JP,Japan,True,False
showdown-us,Showdown,MT,MT,US,United States,True,False
sierra-nevada-es-399,Sierra Nevada,Andalusia,Andalusia,ES,Spain,True,False
sierra-nevada-es-776,Sierra Nevada,Andalusia,Andalusia,ES,Spain,True,False
sierra-at-tahoe-us,Sierra-at-Tahoe,CA,CA,US,United States,True,False
siglufjorour-is,Siglufjorour,Iceland,Iceland,IS,Iceland,True,False
silver-mountain-us,Silver Mountain,ID,ID,US,United States,True,False
silverstar-ca,SilverStar,BC,BC,CA,Canada,True,False
silverton-mountain-us,Silverton Mountain,CO,CO,US,United States,True,False
sinaia-ro,Sinaia,Prahova,Prahova,RO,Romania,True,False
sipapu-us,Sipapu,NM,NM,US,United States,True,False
sisimiut-gl,Sisimiut,Western Greenland,Western Greenland,GL,Greenland,True,False
sitzmark-lifts-us,Sitzmark Lifts,WA,WA,US,United States,True,False
ski-apache-us,Ski Apache,NM,NM,US,United States,True,False
ski-arlberg-at,Ski Arlberg,Tyrol,Tyrol,AT,Austria,True,False
ski-big-bear-us,Ski Big Bear,PA,PA,US,United States,True,False
ski-bowl-us,Ski Bowl,OR,OR,US,United States,True,False
ski-bradford-us,Ski Bradford,MA,MA,US,United States,True,False
ski-brule-us,Ski Brule,MI,MI,US,United States,True,False
ski-butternut-us,Ski Butternut,MA,MA,US,United States,True,False
ski-cloudcroft-us,Ski Cloudcroft,NM,NM,US,United States,True,False
ski-cooper-us,Ski Cooper,CO,CO,US,United States,True,False
ski-four-lakes-us,Ski Four Lakes,IL,IL,US,United States,True,False
ski-granby-ranch-us,Ski Granby Ranch,CO,CO,US,United States,True,False
ski-gull-us,Ski Gull,MN,MN,US,United States,True,False
ski-martock-ca,Ski Martock,NS,NS,CA,Canada,True,False
ski-santa-fe-us,Ski Santa Fe,NM,NM,US,United States,True,False
ski-snowstar-us,Ski Snowstar,IL,IL,US,United States,True,False
ski-sundown-us,Ski Sundown,CT,CT,US,United States,True,False
ski-ward-us,Ski Ward,MA,MA,US,United States,True,False
skiland-us,Skiland,AK,AK,US,United States,True,False
sky-tavern-us,Sky Tavern,NV,NV,US,United States,True,False
sleeping-giant-us,Sleeping Giant,WY,WY,US,United States,True,False
sleepy-hollow-us,Sleepy Hollow,IA,IA,US,United States,True,False
smugglers-notch-us,Smugglers' Notch,VT,VT,US,United States,True,False
snoqualmie-us,Snoqualmie,WA,WA,US,United States,True,False
snow-creek-us-600,Snow Creek,MO,MO,US,United States,True,False
snow-creek-us-215,Snow Creek,KS,KS,US,United States,True,False
snow-king-us,Snow King,WY,WY,US,United States,True,False
snow-ridge-us,Snow Ridge,NY,NY,US,United States,True,False
snow-snake-ski-golf-us,Snow Snake Ski & Golf,MI,MI,US,United States,True,False
snow-summit-us,Snow Summit,CA,CA,US,United States,True,False
snow-trails-us,Snow Trails,OH,OH,US,United States,True,False
snow-valley-us,Snow Valley,CA,CA,US,United States,True,False
snowbasin-us,Snowbasin,UT,UT,US,United States,True,False
snowbird-us,Snowbird,UT,UT,US,United States,True,False
snowhaven-us,Snowhaven,ID,ID,US,United States,True,False
snowshoe-us,Snowshoe,WV,WV,US,United States,True,False
snowy-range-us,Snowy Range,WY,WY,US,United States,True,False
soda-springs-us,Soda Springs,CA,CA,US,United States,True,False
slden-at,Sölden,Tyrol,Tyrol,AT,Austria,True,False
soldier-mountain-us,Soldier Mountain,ID,ID,US,United States,True,False
solitude-us,Solitude,UT,UT,US,United States,True,False
song-mountain-us,Song Mountain,NY,NY,US,United States,True,False
spindleruv-mlyn-cz,Spindleruv Mlyn,Hradec Kralove,Hradec Kralove,CZ,Czech Republic,True,False
spirit-mountain-us,Spirit Mountain,MN,MN,US,United States,True,False
spitzingseetegernsee-de,Spitzingsee–Tegernsee,Bavaria,Bavaria,DE,Germany,True,False
spout-springs-us,Spout Springs,OR,OR,US,United States,True,False
spring-mountain-us,Spring Mountain,PA,PA,US,United States,True,False
st-anton-am-arlberg-at,St. Anton am Arlberg,Tyrol,Tyrol,AT,Austria,True,False
st-moritz-ch,St. Moritz,Graubünden,Graubünden,CH,Switzerland,True,False
standing-rocks-us,Standing Rocks,WI,WI,US,United States,True,False
steamboat-us,Steamboat,CO,CO,US,United States,True,False
stevens-pass-us,Stevens Pass,WA,WA,US,United States,True,False
stoneham-ca,Stoneham,QC,QC,CA,Canada,True,False
storrs-hill-us,Storrs Hill,NH,NH,US,United States,True,False
stowe-us,Stowe,VT,VT,US,United States,True,False
stranda-no,Stranda,Norway,Norway,NO,Norway,True,False
stratton-us,Stratton,VT,VT,US,United States,True,False
strbske-pleso-sk,Strbske Pleso,PreSOV,PreSOV,SK,Slovakia,True,False
sudelfeld-de,Sudelfeld,Bavaria,Bavaria,DE,Germany,True,False
sugar-bowl-us,Sugar Bowl,CA,CA,US,United States,True,False
sugar-hill-us,Sugar Hill,NY,NY,US,United States,True,False
sugar-mountain-us,Sugar Mountain,NC,NC,US,United States,True,False
sugarbush-us,Sugarbush,VT,VT,US,United States,True,False
sugarloaf-us,Sugarloaf,ME,ME,US,United States,True,False
suicide-six-us,Suicide Six,VT,VT,US,United States,True,False
summit-us,Summit,OR,OR,US,United States,True,False
sun-peaks-ca,Sun Peaks,BC,BC,CA,Canada,True,False
sun-valley-us,Sun Valley,ID,ID,US,United States,True,False
sunburst-us,Sunburst,WI,WI,US,United States,True,False
sundance-us,Sundance,UT,UT,US,United States,True,False
sunday-river-us,Sunday River,ME,ME,US,United States,True,False
sundown-mountain-us,Sundown Mountain,IA,IA,US,United States,True,False
sunlight-us,Sunlight,CO,CO,US,United States,True,False
sunrise-park-us,Sunrise Park,AZ,AZ,US,United States,True,False
sunshine-village-ca,Sunshine Village,AB,AB,CA,Canada,True,False
swain-us,Swain,NY,NY,US,United States,True,False
swiss-valley-us,Swiss Valley,MI,MI,US,United States,True,False
table-mountain-ca,Table Mountain,SK,SK,CA,Canada,True,False
tahoe-donner-downhill-us,Tahoe Donner Downhill,CA,CA,US,United States,True,False
tamarack-us,Tamarack,ID,ID,US,United States,True,False
taos-us,Taos,NM,NM,US,United States,True,False
telemark-lodge-us,Telemark Lodge,WI,WI,US,United States,True,False
telluride-us,Telluride,CO,CO,US,United States,True,False
tenney-mountain-us,Tenney Mountain,NH,NH,US,United States,True,False
terry-peak-us,Terry Peak,SD,SD,US,United States,True,False
tetnuldi-mestia-ge,Tetnuldi – Mestia,Tetnuldi–Mestia,Tetnuldi–Mestia,GE,Georgia,True,False
teton-pass-us,Teton Pass,WY,WY,US,United States,True,False
the-balsams-us,The Balsams,NH,NH,US,United States,True,False
the-highlands-us,The Highlands,MI,MI,US,United States,True,False
the-homestead-us-294,The Homestead,VA,VA,US,United States,True,False
the-homestead-us-570,The Homestead,MI,MI,US,United States,True,False
the-mountain-top-us,The Mountain Top,WI,WI,US,United States,True,False
the-remarkables-nz,The Remarkables,Otago,Otago,NZ,New Zealand,True,False
thredbo-au,Thredbo,New South Wales,New South Wales,AU,Australia,True,False
thunder-ridge-us,Thunder Ridge,NY,NY,US,United States,True,False
timber-ridge-us,Timber Ridge,MI,MI,US,United States,True,False
timberline-us,Timberline,OR,OR,US,United States,True,False
timberline-mountain-us,Timberline Mountain,WV,WV,US,United States,True,False
titcomb-mountain-us,Titcomb Mountain,ME,ME,US,United States,True,False
titus-mountain-us,Titus Mountain,NY,NY,US,United States,True,False
toggenburg-mountain-us,Toggenburg Mountain,NY,NY,US,United States,True,False
tomamu-jp,Tomamu,Hokkaido,Hokkaido,JP,Japan,True,False
treble-cone-nz,Treble Cone,Otago,Otago,NZ,New Zealand,True,False
treetops-resort-us,Treetops Resort,MI,MI,US,United States,True,False
triangle-us,Triangle,WI,WI,US,United States,True,False
trollhaugen-us,Trollhaugen,WI,WI,US,United States,True,False
trysil-no-758,Trysil,Norway,Norway,NO,Norway,True,False
trysil-no-423,Trysil,Innlandet,Innlandet,NO,Norway,True,False
turner-mountain-us,Turner Mountain,MT,MT,US,United States,True,False
tussey-mountain-us,Tussey Mountain,PA,PA,US,United States,True,False
tyrol-basin-us,Tyrol Basin,WI,WI,US,United States,True,False
vail-us,Vail,CO,CO,US,United States,True,False
val-cenis-fr,Val Cenis,Auvergne-Rhône-Alpes,Auvergne-Rhône-Alpes,FR,France,True,False
val-disre-fr,Val d'Isère,Auvergne-Rhône-Alpes,Auvergne-Rhône-Alpes,FR,France,True,False
val-di-fassa-it,Val di Fassa,Trentino,Trentino,IT,Italy,True,False
val-di-fiemme-it,Val di Fiemme,Trentino,Trentino,IT,Italy,True,False
val-gardena-it,Val Gardena,Trentino-Alto Adige,Trentino-Alto Adige,IT,Italy,True,False
val-thorens-fr,Val Thorens,Auvergne-Rhône-Alpes,Auvergne-Rhône-Alpes,FR,France,True,False
valberg-fr,Valberg,Provence-Alpes-Côte d'Azur,Provence-Alpes-Côte d'Azur,FR,France,True,False
valle-nevado-cl,Valle Nevado,Santiago Metropolitan Region,Santiago Metropolitan Region,CL,Chile,True,False
vars-fr,Vars,Provence-Alpes-Côte d'Azur,Provence-Alpes-Côte d'Azur,FR,France,True,False
vaujany-fr,Vaujany,Auvergne-Rhône-Alpes,Auvergne-Rhône-Alpes,FR,France,True,False
vemdalen-se,Vemdalen,Jämtland,Jämtland,SE,Sweden,True,False
verbier-ch,Verbier,Valais,Valais,CH,Switzerland,True,False
villa-olivia-us,Villa Olivia,IL,IL,US,United States,True,False
villard-de-lans-fr,Villard-de-Lans,Auvergne-Rhône-Alpes,Auvergne-Rhône-Alpes,FR,France,True,False
vogel-ski-resort-si,Vogel Ski Resort,Carniola,Carniola,SI,Slovenia,True,False
wachusett-mountain-us,Wachusett Mountain,MA,MA,US,United States,True,False
wallberg-de,Wallberg,Bavaria,Bavaria,DE,Germany,True,False
warner-canyon-us,Warner Canyon,OR,OR,US,United States,True,False
waterville-valley-us,Waterville Valley,NH,NH,US,United States,True,False
welch-village-us,Welch Village,MN,MN,US,United States,True,False
wendelstein-de,Wendelstein,Bavaria,Bavaria,DE,Germany,True,False
wentworth-ca,Wentworth,NS,NS,CA,Canada,True,False
west-mountain-us,West Mountain,NY,NY,US,United States,True,False
whaleback-us,Whaleback,NH,NH,US,United States,True,False
whistler-blackcomb-ca,Whistler Blackcomb,BC,BC,CA,Canada,True,False
white-pass-us,White Pass,WA,WA,US,United States,True,False
white-pine-us,White Pine,WY,WY,US,United States,True,False
whitecap-mountain-us,Whitecap Mountain,WI,WI,US,United States,True,False
whiteface-us,Whiteface,NY,NY,US,United States,True,False
whitefish-mountain-resort-us,Whitefish Mountain,MT,MT,US,United States,True,False
whitetail-us,Whitetail,PA,PA,US,United States,True,False
whitetail-ridge-us,Whitetail Ridge,WI,WI,US,United States,True,False
whitewater-ca,Whitewater,BC,BC,CA,Canada,True,False
wild-mountain-us,Wild Mountain,MN,MN,US,United States,True,False
wildcat-us,Wildcat,NH,NH,US,United States,True,False
willamette-pass-us,Willamette Pass,OR,OR,US,United States,True,False
willard-mountain-us,Willard Mountain,NY,NY,US,United States,True,False
wilmot-mountain-us,Wilmot Mountain,WI,WI,US,United States,True,False
windham-us,Windham,NY,NY,US,United States,True,False
winter-park-us,Winter Park,CO,CO,US,United States,True,False
wintergreen-us,Wintergreen,VA,VA,US,United States,True,False
winterplace-us,Winterplace,WV,WV,US,United States,True,False
wisp-resort-us,Wisp Resort,MD,MD,US,United States,True,False
wolf-creek-us,Wolf Creek,CO,CO,US,United States,True,False
wolf-ridge-us,Wolf Ridge,NC,NC,US,United States,True,False
woods-valley-us,Woods Valley,NY,NY,US,United States,True,False
yawgoo-valley-us,Yawgoo Valley,RI,RI,US,United States,True,False
yellowstone-club-us,Yellowstone Club,MT,MT,US,United States,True,False
zao-onsen-jp,Zao Onsen,Yamagata,Yamagata,JP,Japan,True,False
zell-am-seekaprun-at,Zell am See–Kaprun,Salzburg,Salzburg,AT,Austria,True,False
zermatt-ch,Zermatt,Valais,Valais,CH,Switzerland,True,False
zugspitze-de,Zugspitze,Bavaria,Bavaria,DE,Germany,True,False
